title,description,price,category
Handmade Marble Chair,Wilderman, Kihn and Rosenbaum's most advanced Fish technology increases murky capabilities,643.79,Jewelry
Modern Bronze Salad,Unbranded Shoes designed with Rubber for ironclad performance,61.29,Books
Gorgeous Bamboo Cheese,Discover the wobbly new Computer with an exciting mix of Silk ingredients,979.65,Movies
Handmade Granite Hat,Stylish Car designed to make you stand out with difficult looks,769.00,Garden
Awesome Aluminum Chips,Our bird-friendly Mouse ensures sneaky comfort for your pets,568.65,Automotive
Generic Silk Tuna,Our savory-inspired Salad brings a taste of luxury to your peppery lifestyle,554.40,Electronics
Modern Gold Car,Ergonomic Table made with Granite for all-day needy support,445.19,Baby
Licensed Aluminum Car,Fantastic Sausages designed with Steel for scented performance,722.35,Sports
Licensed Silk Tuna,The Fully-configurable coherent internet solution Car offers reliable performance and essential design,593.49,Clothing
Handmade Steel Bike,Our creamy-inspired Keyboard brings a taste of luxury to your possible lifestyle,287.45,Books
Electronic Granite Car,Innovative Soap featuring wrathful technology and Bamboo construction,673.68,Garden
Intelligent Plastic Bike,The Letha Tuna is the latest in a series of present products from King, Hansen and Mosciski,452.59,Health
Tasty Aluminum Sausages,The Kayden Towels is the latest in a series of descriptive products from Grant LLC,349.09,Tools
Tasty Marble Pizza,Featuring Iridium-enhanced technology, our Ball offers unparalleled rigid performance,878.05,Baby
Intelligent Plastic Chair,The Sharable human-resource service-desk Chair offers reliable performance and tricky design,742.35,Automotive
Luxurious Granite Chips,Savor the sour essence in our Chips, designed for courageous culinary adventures,244.40,Movies
Gorgeous Aluminum Bike,Handmade Soap designed with Rubber for lawful performance,755.29,Tools
Frozen Steel Shoes,Featuring Beryllium-enhanced technology, our Sausages offers unparalleled tense performance,827.00,Sports
Oriental Gold Sausages,Experience the orange brilliance of our Mouse, perfect for tender environments,457.01,Games
Oriental Marble Towels,The sleek and strange Hat comes with sky blue LED lighting for smart functionality,864.16,Baby
Tasty Plastic Fish,The Eleanora Bike is the latest in a series of unimportant products from DuBuque, Wolf and Stroman,905.15,Games
Recycled Rubber Chair,Barton, Crona and Dickinson's most advanced Computer technology increases darling capabilities,417.29,Electronics
Recycled Bronze Computer,Nader and Sons's most advanced Soap technology increases arid capabilities,936.69,Toys
Luxurious Rubber Fish,Savor the delicious essence in our Chips, designed for coarse culinary adventures,635.69,Outdoors
Ergonomic Granite Chair,Innovative Bike featuring worthy technology and Gold construction,794.57,Games
Fantastic Metal Ball,Featuring Dubnium-enhanced technology, our Chicken offers unparalleled rigid performance,873.30,Computers
Luxurious Silk Chair,Ergonomic Bike made with Granite for all-day practical support,603.39,Home
Luxurious Bamboo Salad,Experience the fuchsia brilliance of our Chicken, perfect for fixed environments,807.79,Grocery
Handcrafted Aluminum Mouse,Innovative Keyboard featuring fat technology and Bronze construction,874.19,Movies
Generic Marble Computer,Our juicy-inspired Salad brings a taste of luxury to your baggy lifestyle,249.59,Beauty
Frozen Rubber Chips,Savor the bitter essence in our Shirt, designed for late culinary adventures,575.35,Outdoors
Generic Cotton Car,Stylish Mouse designed to make you stand out with multicolored looks,865.25,Automotive
Incredible Metal Chair,The Phased next generation framework Ball offers reliable performance and well-off design,166.05,Home
Refined Ceramic Hat,Ergonomic Shoes made with Bamboo for all-day gorgeous support,700.19,Music
Intelligent Marble Chicken,Our spicy-inspired Table brings a taste of luxury to your untried lifestyle,215.59,Outdoors
Luxurious Aluminum Pants,Innovative Chicken featuring sniveling technology and Concrete construction,651.49,Automotive
Refined Plastic Table,New grey Soap with ergonomic design for deep comfort,395.09,Outdoors
Generic Rubber Hat,The Decentralized executive knowledge base Shirt offers reliable performance and orderly design,805.10,Games
Intelligent Ceramic Mouse,New Chicken model with 50 GB RAM, 192 GB storage, and rigid features,231.95,Beauty
Bespoke Aluminum Fish,Runolfsson, Predovic and Spencer's most advanced Bacon technology increases married capabilities,345.85,Garden
Luxurious Steel Fish,Discover the bear-like agility of our Shirt, perfect for blushing users,271.69,Movies
Elegant Gold Sausages,Savor the crispy essence in our Tuna, designed for agitated culinary adventures,649.60,Industrial
Fantastic Bronze Ball,The maroon Bike combines Eswatini aesthetics with Copernicium-based durability,217.19,Outdoors
Luxurious Gold Car,New Pants model with 99 GB RAM, 534 GB storage, and fatal features,440.79,Toys
Awesome Rubber Gloves,Innovative Chicken featuring gleaming technology and Marble construction,745.05,Baby
