firstName,surname,phone,email,username,password,birthdate
Alexa,Schuster,(912) 746-1931 x7441,Kelly.Nolan-Feeney46@hotmail.com,Ines57,_qBco7IvqXeMjxc,Tue Jun 24 1980 02:51:31 GMT+0300 (Eastern European Standard Time)
Kylee,Nicolas,(201) 887-0711 x95034,Roosevelt_MacGyver@hotmail.com,Wayne_Zulauf,DyJenaAeSW1_L7D,Sun Oct 20 1957 13:32:22 GMT+0300 (Eastern European Summer Time)
Ruth,Klein,450.694.6391 x582,Olga6@gmail.com,Miguel_Lindgren85,nvd62gbGhyv1TqQ,Tue Jul 03 1984 23:36:34 GMT+0400 (Eastern European Summer Time)
Everardo,Rice,(861) 311-4463 x803,Gilberto_Green@yahoo.com,Jaden.Goldner46,cj_kc14qUE5goM_,Fri Feb 10 1984 22:05:30 GMT+0300 (Eastern European Standard Time)
Carroll,Shields,684.684.8312,Lacy.Walsh6@hotmail.com,Haley99,6ETzFswsImsChbK,Thu Feb 23 1978 01:30:24 GMT+0300 (Eastern European Standard Time)
Mellie,Jacobson,667.593.0533 x30151,Gianni78@hotmail.com,Lauriane.Morissette,FIRUtYXvhUNJwKn,Sun Nov 09 1975 18:06:15 GMT+0300 (Eastern European Standard Time)
Mercedes,Fisher,1-417-903-1564,Maegan27@gmail.com,Andrew.Wolf65,oVv2LM9wRa2oR8G,Sun Jan 11 1987 21:38:22 GMT+0300 (Eastern European Standard Time)
Bartholome,Mills,522.313.9574 x21302,Marcel33@yahoo.com,Derick67,Rs2Py3pxSO1X4uf,Sun May 21 1989 23:09:08 GMT+0400 (Eastern European Summer Time)
Rosalee,Cremin,705-744-4646 x6019,Alene.Gulgowski74@yahoo.com,Harvey.Koelpin,rZDaVoH7wj7gNaL,Mon Apr 07 1969 19:06:47 GMT+0300 (Eastern European Summer Time)
Mohammad,Franey,425.447.4805 x2785,Candelario_Hintz@gmail.com,Barbara16,LbllLoDhPse4Pjb,Sat Dec 06 1986 17:43:56 GMT+0300 (Eastern European Standard Time)
Kristina,Leannon,1-379-937-9004,Alayna97@hotmail.com,Garett3,_j7wCrFFQ3kIrax,Fri Nov 15 1996 18:00:28 GMT+0200 (Eastern European Standard Time)
Jennyfer,Streich,230.387.4550,Troy_Reynolds@gmail.com,Bernice_Breitenberg,qWrmaLHY3yBxxTj,Tue Oct 15 1974 17:42:08 GMT+0300 (Eastern European Standard Time)
Hilma,Mohr,(669) 309-4242 x0181,Sylvester12@yahoo.com,Eryn67,7VJmB2WfgXmP61R,Fri Jul 04 1969 10:17:59 GMT+0300 (Eastern European Summer Time)
Clyde,Gislason,(437) 837-7794 x65984,Ines_Zieme38@yahoo.com,Roy.Morissette,T5VyidG56fkyb2t,Fri Jun 27 1947 11:50:07 GMT+0300 (Eastern European Summer Time)
Will,Jaskolski,(330) 520-2732 x68436,Russell88@gmail.com,Josefa.Gulgowski,wkIK3URMPS4uRYY,Tue Mar 23 1948 13:57:53 GMT+0300 (Eastern European Standard Time)
Ryan,Yost,835.989.1902,Bertha_Macejkovic59@gmail.com,Evans57,xgW0Qe47Bi_X3xt,Sun Feb 26 1989 07:07:13 GMT+0300 (Eastern European Standard Time)
Ursula,Bergnaum,976-361-3944 x5624,Rebeka.Gusikowski86@gmail.com,Maybelle_Stokes13,3FV4J2RmlZSmuqj,Thu May 15 1975 12:52:10 GMT+0300 (Eastern European Standard Time)
Olaf,Hilll,496-771-4930,Royce.Mraz9@gmail.com,Edmund.Langworth19,2VROOdaw_P5iAzt,Mon Feb 23 1953 08:48:42 GMT+0300 (Eastern European Standard Time)
Reina,Oberbrunner,(683) 420-4395 x81999,Frida.Gulgowski@gmail.com,Celestine.Kerluke,SOxqt5hnZRRSW3q,Mon Apr 11 1955 02:39:49 GMT+0300 (Eastern European Summer Time)
Santa,Leannon,1-810-799-1036 x05258,Karley.Kessler@yahoo.com,Alessia.Braun,GckZhd9_4hX6HxB,Wed Nov 24 1993 11:11:18 GMT+0200 (Eastern European Standard Time)
